node_id,x,y,is_charger,num_chargers,zone
A00_S000,-0.1,0.0,true,12,battery
A01_S000,-0.0871,0.0,false,0,battery
A02_S000,-0.0741,0.0,false,0,battery
A03_S000,-0.0612,0.0,false,0,battery
A04_S000,-0.0482,0.0,false,0,battery
A05_S000,-0.0353,0.0,false,0,battery
A06_S000,-0.0224,0.0,false,0,battery
A07_S000,-0.0094,0.0,false,0,battery
A08_S000,0.0035,0.0,false,0,battery
A09_S000,0.0165,0.0,true,12,battery
A10_S000,0.0294,0.0,false,0,battery
A11_S000,0.0424,0.0,false,0,battery
A12_S000,0.0553,0.0,false,0,battery
A13_S000,0.0682,0.0,false,0,battery
A14_S000,0.0812,0.0,false,0,battery
A15_S000,0.0941,0.0,false,0,battery
A16_S000,0.1071,0.0,false,0,battery
A17_S000,0.12,0.0,true,12,battery
A00_S001,-0.2883,0.3889,false,0,battery
A01_S001,-0.2539,0.3889,false,0,battery
A02_S001,-0.2195,0.3889,false,0,battery
A03_S001,-0.1852,0.3889,false,0,battery
A04_S001,-0.1508,0.3889,false,0,battery
A05_S001,-0.1164,0.3889,false,0,battery
A06_S001,-0.0821,0.3889,false,0,battery
A07_S001,-0.0477,0.3889,false,0,battery
A08_S001,-0.0134,0.3889,false,0,battery
A09_S001,0.021,0.3889,false,0,battery
A10_S001,0.0554,0.3889,false,0,battery
A11_S001,0.0897,0.3889,false,0,battery
A12_S001,0.1241,0.3889,false,0,battery
A13_S001,0.1585,0.3889,false,0,battery
A14_S001,0.1928,0.3889,false,0,battery
A15_S001,0.2272,0.3889,false,0,battery
A16_S001,0.2616,0.3889,false,0,battery
A17_S001,0.2959,0.3889,false,0,battery
A00_S002,-0.4296,0.7778,false,0,battery
A01_S002,-0.3766,0.7778,false,0,battery
A02_S002,-0.3236,0.7778,false,0,battery
A03_S002,-0.2705,0.7778,false,0,battery
A04_S002,-0.2175,0.7778,false,0,battery
A05_S002,-0.1645,0.7778,false,0,battery
A06_S002,-0.1115,0.7778,false,0,battery
A07_S002,-0.0584,0.7778,false,0,battery
A08_S002,-0.0054,0.7778,false,0,battery
A09_S002,0.0476,0.7778,false,0,battery
A10_S002,0.1007,0.7778,false,0,battery
A11_S002,0.1537,0.7778,false,0,battery
A12_S002,0.2067,0.7778,false,0,battery
A13_S002,0.2597,0.7778,false,0,battery
A14_S002,0.3128,0.7778,false,0,battery
A15_S002,0.3658,0.7778,false,0,battery
A16_S002,0.4188,0.7778,false,0,battery
A17_S002,0.4719,0.7778,false,0,battery
A00_S003,-0.4944,1.1667,false,0,battery
A01_S003,-0.4327,1.1667,false,0,battery
A02_S003,-0.371,1.1667,false,0,battery
A03_S003,-0.3093,1.1667,false,0,battery
A04_S003,-0.2476,1.1667,false,0,battery
A05_S003,-0.1859,1.1667,false,0,battery
A06_S003,-0.1242,1.1667,false,0,battery
A07_S003,-0.0625,1.1667,false,0,battery
A08_S003,-0.0008,1.1667,false,0,battery
A09_S003,0.0608,1.1667,false,0,battery
A10_S003,0.1225,1.1667,false,0,battery
A11_S003,0.1842,1.1667,false,0,battery
A12_S003,0.2459,1.1667,false,0,battery
A13_S003,0.3076,1.1667,false,0,battery
A14_S003,0.3693,1.1667,false,0,battery
A15_S003,0.431,1.1667,false,0,battery
A16_S003,0.4927,1.1667,false,0,battery
A17_S003,0.5544,1.1667,false,0,battery
A00_S004,-0.5645,1.5556,false,0,battery
A01_S004,-0.4952,1.5556,false,0,battery
A02_S004,-0.4259,1.5556,false,0,battery
A03_S004,-0.3566,1.5556,false,0,battery
A04_S004,-0.2872,1.5556,false,0,battery
A05_S004,-0.2179,1.5556,false,0,battery
A06_S004,-0.1486,1.5556,false,0,battery
A07_S004,-0.0793,1.5556,false,0,battery
A08_S004,-0.0099,1.5556,false,0,battery
A09_S004,0.0594,1.5556,false,0,battery
A10_S004,0.1287,1.5556,false,0,battery
A11_S004,0.198,1.5556,false,0,battery
A12_S004,0.2674,1.5556,false,0,battery
A13_S004,0.3367,1.5556,false,0,battery
A14_S004,0.406,1.5556,false,0,battery
A15_S004,0.4753,1.5556,false,0,battery
A16_S004,0.5447,1.5556,false,0,battery
A17_S004,0.614,1.5556,false,0,battery
A00_S005,-0.6039,1.9444,false,0,downtown
A01_S005,-0.5289,1.9444,false,0,downtown
A02_S005,-0.4538,1.9444,false,0,downtown
A03_S005,-0.3788,1.9444,false,0,downtown
A04_S005,-0.3037,1.9444,false,0,downtown
A05_S005,-0.2287,1.9444,false,0,downtown
A06_S005,-0.1536,1.9444,false,0,downtown
A07_S005,-0.0786,1.9444,false,0,downtown
A08_S005,-0.0036,1.9444,false,0,downtown
A09_S005,0.0715,1.9444,false,0,downtown
A10_S005,0.1465,1.9444,false,0,downtown
A11_S005,0.2216,1.9444,false,0,downtown
A12_S005,0.2966,1.9444,false,0,downtown
A13_S005,0.3717,1.9444,false,0,downtown
A14_S005,0.4467,1.9444,false,0,downtown
A15_S005,0.5218,1.9444,false,0,downtown
A16_S005,0.5968,1.9444,false,0,downtown
A17_S005,0.6719,1.9444,false,0,downtown
A00_S006,-0.6281,2.3333,false,0,downtown
A01_S006,-0.5497,2.3333,false,0,downtown
A02_S006,-0.4713,2.3333,false,0,downtown
A03_S006,-0.3929,2.3333,false,0,downtown
A04_S006,-0.3145,2.3333,false,0,downtown
A05_S006,-0.2361,2.3333,false,0,downtown
A06_S006,-0.1577,2.3333,false,0,downtown
A07_S006,-0.0793,2.3333,false,0,downtown
A08_S006,-0.0009,2.3333,false,0,downtown
A09_S006,0.0775,2.3333,false,0,downtown
A10_S006,0.1559,2.3333,false,0,downtown
A11_S006,0.2343,2.3333,false,0,downtown
A12_S006,0.3127,2.3333,false,0,downtown
A13_S006,0.3911,2.3333,false,0,downtown
A14_S006,0.4695,2.3333,false,0,downtown
A15_S006,0.5479,2.3333,false,0,downtown
A16_S006,0.6263,2.3333,false,0,downtown
A17_S006,0.7047,2.3333,false,0,downtown
A00_S007,-0.6522,2.7222,false,0,downtown
A01_S007,-0.5714,2.7222,false,0,downtown
A02_S007,-0.4907,2.7222,false,0,downtown
A03_S007,-0.4099,2.7222,false,0,downtown
A04_S007,-0.3291,2.7222,false,0,downtown
A05_S007,-0.2483,2.7222,false,0,downtown
A06_S007,-0.1676,2.7222,false,0,downtown
A07_S007,-0.0868,2.7222,false,0,downtown
A08_S007,-0.006,2.7222,false,0,downtown
A09_S007,0.0748,2.7222,false,0,downtown
A10_S007,0.1555,2.7222,false,0,downtown
A11_S007,0.2363,2.7222,false,0,downtown
A12_S007,0.3171,2.7222,false,0,downtown
A13_S007,0.3978,2.7222,false,0,downtown
A14_S007,0.4786,2.7222,false,0,downtown
A15_S007,0.5594,2.7222,false,0,downtown
A16_S007,0.6402,2.7222,false,0,downtown
A17_S007,0.7209,2.7222,false,0,downtown
A00_S008,-0.6788,3.1111,false,0,downtown
A01_S008,-0.5957,3.1111,false,0,downtown
A02_S008,-0.5125,3.1111,false,0,downtown
A03_S008,-0.4294,3.1111,false,0,downtown
A04_S008,-0.3463,3.1111,false,0,downtown
A05_S008,-0.2631,3.1111,false,0,downtown
A06_S008,-0.18,3.1111,false,0,downtown
A07_S008,-0.0968,3.1111,false,0,downtown
A08_S008,-0.0137,3.1111,false,0,downtown
A09_S008,0.0695,3.1111,false,0,downtown
A10_S008,0.1526,3.1111,false,0,downtown
A11_S008,0.2358,3.1111,false,0,downtown
A12_S008,0.3189,3.1111,false,0,downtown
A13_S008,0.402,3.1111,false,0,downtown
A14_S008,0.4852,3.1111,false,0,downtown
A15_S008,0.5683,3.1111,false,0,downtown
A16_S008,0.6515,3.1111,false,0,downtown
A17_S008,0.7346,3.1111,false,0,downtown
A00_S009,-0.7015,3.5,false,0,downtown
A01_S009,-0.6164,3.5,false,0,downtown
A02_S009,-0.5313,3.5,false,0,downtown
A03_S009,-0.4462,3.5,false,0,downtown
A04_S009,-0.3611,3.5,false,0,downtown
A05_S009,-0.276,3.5,false,0,downtown
A06_S009,-0.1909,3.5,false,0,downtown
A07_S009,-0.1058,3.5,false,0,downtown
A08_S009,-0.0207,3.5,false,0,downtown
A09_S009,0.0644,3.5,false,0,downtown
A10_S009,0.1495,3.5,false,0,downtown
A11_S009,0.2346,3.5,false,0,downtown
A12_S009,0.3197,3.5,false,0,downtown
A13_S009,0.4048,3.5,false,0,downtown
A14_S009,0.4899,3.5,false,0,downtown
A15_S009,0.575,3.5,false,0,downtown
A16_S009,0.6601,3.5,false,0,downtown
A17_S009,0.7452,3.5,false,0,downtown
A00_S010,-0.7234,3.8889,false,0,downtown
A01_S010,-0.6367,3.8889,false,0,downtown
A02_S010,-0.5501,3.8889,false,0,downtown
A03_S010,-0.4634,3.8889,false,0,downtown
A04_S010,-0.3768,3.8889,false,0,downtown
A05_S010,-0.2901,3.8889,false,0,downtown
A06_S010,-0.2035,3.8889,false,0,downtown
A07_S010,-0.1168,3.8889,false,0,downtown
A08_S010,-0.0302,3.8889,false,0,downtown
A09_S010,0.0565,3.8889,false,0,downtown
A10_S010,0.1431,3.8889,false,0,downtown
A11_S010,0.2298,3.8889,false,0,downtown
A12_S010,0.3164,3.8889,false,0,downtown
A13_S010,0.4031,3.8889,false,0,downtown
A14_S010,0.4897,3.8889,false,0,downtown
A15_S010,0.5764,3.8889,false,0,downtown
A16_S010,0.6631,3.8889,false,0,downtown
A17_S010,0.7497,3.8889,false,0,downtown
A00_S011,-0.7453,4.2778,false,0,midtown
A01_S011,-0.658,4.2778,false,0,midtown
A02_S011,-0.5707,4.2778,false,0,midtown
A03_S011,-0.4834,4.2778,false,0,midtown
A04_S011,-0.3961,4.2778,false,0,midtown
A05_S011,-0.3088,4.2778,false,0,midtown
A06_S011,-0.2214,4.2778,false,0,midtown
A07_S011,-0.1341,4.2778,false,0,midtown
A08_S011,-0.0468,4.2778,false,0,midtown
A09_S011,0.0405,4.2778,false,0,midtown
A10_S011,0.1278,4.2778,false,0,midtown
A11_S011,0.2151,4.2778,false,0,midtown
A12_S011,0.3024,4.2778,false,0,midtown
A13_S011,0.3897,4.2778,false,0,midtown
A14_S011,0.477,4.2778,false,0,midtown
A15_S011,0.5643,4.2778,false,0,midtown
A16_S011,0.6516,4.2778,false,0,midtown
A17_S011,0.7389,4.2778,false,0,midtown
A00_S012,-0.7658,4.6667,false,0,midtown
A01_S012,-0.678,4.6667,false,0,midtown
A02_S012,-0.5901,4.6667,false,0,midtown
A03_S012,-0.5022,4.6667,false,0,midtown
A04_S012,-0.4143,4.6667,false,0,midtown
A05_S012,-0.3264,4.6667,false,0,midtown
A06_S012,-0.2385,4.6667,false,0,midtown
A07_S012,-0.1507,4.6667,false,0,midtown
A08_S012,-0.0628,4.6667,false,0,midtown
A09_S012,0.0251,4.6667,false,0,midtown
A10_S012,0.113,4.6667,false,0,midtown
A11_S012,0.2009,4.6667,false,0,midtown
A12_S012,0.2887,4.6667,false,0,midtown
A13_S012,0.3766,4.6667,false,0,midtown
A14_S012,0.4645,4.6667,false,0,midtown
A15_S012,0.5524,4.6667,false,0,midtown
A16_S012,0.6403,4.6667,false,0,midtown
A17_S012,0.7282,4.6667,false,0,midtown
A00_S013,-0.7766,5.0556,false,0,midtown
A01_S013,-0.6887,5.0556,false,0,midtown
A02_S013,-0.6008,5.0556,false,0,midtown
A03_S013,-0.513,5.0556,false,0,midtown
A04_S013,-0.4251,5.0556,false,0,midtown
A05_S013,-0.3372,5.0556,false,0,midtown
A06_S013,-0.2493,5.0556,false,0,midtown
A07_S013,-0.1614,5.0556,false,0,midtown
A08_S013,-0.0736,5.0556,false,0,midtown
A09_S013,0.0143,5.0556,false,0,midtown
A10_S013,0.1022,5.0556,false,0,midtown
A11_S013,0.1901,5.0556,false,0,midtown
A12_S013,0.278,5.0556,false,0,midtown
A13_S013,0.3659,5.0556,false,0,midtown
A14_S013,0.4537,5.0556,false,0,midtown
A15_S013,0.5416,5.0556,false,0,midtown
A16_S013,0.6295,5.0556,false,0,midtown
A17_S013,0.7174,5.0556,false,0,midtown
A00_S014,-0.7879,5.4444,false,0,midtown
A01_S014,-0.7,5.4444,false,0,midtown
A02_S014,-0.6121,5.4444,false,0,midtown
A03_S014,-0.5242,5.4444,false,0,midtown
A04_S014,-0.4363,5.4444,false,0,midtown
A05_S014,-0.3485,5.4444,false,0,midtown
A06_S014,-0.2606,5.4444,false,0,midtown
A07_S014,-0.1727,5.4444,false,0,midtown
A08_S014,-0.0848,5.4444,false,0,midtown
A09_S014,0.0031,5.4444,false,0,midtown
A10_S014,0.091,5.4444,false,0,midtown
A11_S014,0.1788,5.4444,false,0,midtown
A12_S014,0.2667,5.4444,false,0,midtown
A13_S014,0.3546,5.4444,false,0,midtown
A14_S014,0.4425,5.4444,false,0,midtown
A15_S014,0.5304,5.4444,false,0,midtown
A16_S014,0.6183,5.4444,false,0,midtown
A17_S014,0.7061,5.4444,false,0,midtown
A00_S015,-0.7996,5.8333,false,0,midtown
A01_S015,-0.7117,5.8333,false,0,midtown
A02_S015,-0.6238,5.8333,false,0,midtown
A03_S015,-0.5359,5.8333,false,0,midtown
A04_S015,-0.4481,5.8333,false,0,midtown
A05_S015,-0.3602,5.8333,false,0,midtown
A06_S015,-0.2723,5.8333,false,0,midtown
A07_S015,-0.1844,5.8333,false,0,midtown
A08_S015,-0.0965,5.8333,false,0,midtown
A09_S015,-0.0087,5.8333,false,0,midtown
A10_S015,0.0792,5.8333,false,0,midtown
A11_S015,0.1671,5.8333,false,0,midtown
A12_S015,0.255,5.8333,false,0,midtown
A13_S015,0.3429,5.8333,false,0,midtown
A14_S015,0.4308,5.8333,false,0,midtown
A15_S015,0.5186,5.8333,false,0,midtown
A16_S015,0.6065,5.8333,false,0,midtown
A17_S015,0.6944,5.8333,false,0,midtown
A00_S016,-0.8113,6.2222,false,0,midtown
A01_S016,-0.7236,6.2222,false,0,midtown
A02_S016,-0.6359,6.2222,false,0,midtown
A03_S016,-0.5482,6.2222,false,0,midtown
A04_S016,-0.4604,6.2222,false,0,midtown
A05_S016,-0.3727,6.2222,false,0,midtown
A06_S016,-0.285,6.2222,false,0,midtown
A07_S016,-0.1973,6.2222,false,0,midtown
A08_S016,-0.1096,6.2222,false,0,midtown
A09_S016,-0.0219,6.2222,false,0,midtown
A10_S016,0.0659,6.2222,false,0,midtown
A11_S016,0.1536,6.2222,false,0,midtown
A12_S016,0.2413,6.2222,false,0,midtown
A13_S016,0.329,6.2222,false,0,midtown
A14_S016,0.4167,6.2222,false,0,midtown
A15_S016,0.5044,6.2222,false,0,midtown
A16_S016,0.5922,6.2222,false,0,midtown
A17_S016,0.6799,6.2222,false,0,midtown
A00_S017,-0.823,6.6111,false,0,midtown
A01_S017,-0.7355,6.6111,false,0,midtown
A02_S017,-0.648,6.6111,false,0,midtown
A03_S017,-0.5605,6.6111,false,0,midtown
A04_S017,-0.4729,6.6111,false,0,midtown
A05_S017,-0.3854,6.6111,false,0,midtown
A06_S017,-0.2979,6.6111,false,0,midtown
A07_S017,-0.2103,6.6111,false,0,midtown
A08_S017,-0.1228,6.6111,false,0,midtown
A09_S017,-0.0353,6.6111,false,0,midtown
A10_S017,0.0523,6.6111,false,0,midtown
A11_S017,0.1398,6.6111,false,0,midtown
A12_S017,0.2273,6.6111,false,0,midtown
A13_S017,0.3149,6.6111,false,0,midtown
A14_S017,0.4024,6.6111,false,0,midtown
A15_S017,0.4899,6.6111,false,0,midtown
A16_S017,0.5775,6.6111,false,0,midtown
A17_S017,0.665,6.6111,false,0,midtown
A00_S018,-0.8281,7.0,true,12,midtown
A01_S018,-0.7412,7.0,false,0,midtown
A02_S018,-0.6542,7.0,false,0,midtown
A03_S018,-0.5673,7.0,false,0,midtown
A04_S018,-0.4803,7.0,false,0,midtown
A05_S018,-0.3933,7.0,false,0,midtown
A06_S018,-0.3064,7.0,false,0,midtown
A07_S018,-0.2194,7.0,false,0,midtown
A08_S018,-0.1325,7.0,false,0,midtown
A09_S018,-0.0455,7.0,true,12,midtown
A10_S018,0.0414,7.0,false,0,midtown
A11_S018,0.1284,7.0,false,0,midtown
A12_S018,0.2153,7.0,false,0,midtown
A13_S018,0.3023,7.0,false,0,midtown
A14_S018,0.3892,7.0,false,0,midtown
A15_S018,0.4762,7.0,false,0,midtown
A16_S018,0.5631,7.0,false,0,midtown
A17_S018,0.6501,7.0,true,12,midtown
A00_S019,-0.8306,7.3889,false,0,central
A01_S019,-0.7444,7.3889,false,0,central
A02_S019,-0.6581,7.3889,false,0,central
A03_S019,-0.5719,7.3889,false,0,central
A04_S019,-0.4857,7.3889,false,0,central
A05_S019,-0.3994,7.3889,false,0,central
A06_S019,-0.3132,7.3889,false,0,central
A07_S019,-0.227,7.3889,false,0,central
A08_S019,-0.1408,7.3889,false,0,central
A09_S019,-0.0545,7.3889,false,0,central
A10_S019,0.0317,7.3889,false,0,central
A11_S019,0.1179,7.3889,false,0,central
A12_S019,0.2042,7.3889,false,0,central
A13_S019,0.2904,7.3889,false,0,central
A14_S019,0.3766,7.3889,false,0,central
A15_S019,0.4629,7.3889,false,0,central
A16_S019,0.5491,7.3889,false,0,central
A17_S019,0.6353,7.3889,false,0,central
A00_S020,-0.833,7.7778,false,0,central
A01_S020,-0.7475,7.7778,false,0,central
A02_S020,-0.6619,7.7778,false,0,central
A03_S020,-0.5763,7.7778,false,0,central
A04_S020,-0.4907,7.7778,false,0,central
A05_S020,-0.4052,7.7778,false,0,central
A06_S020,-0.3196,7.7778,false,0,central
A07_S020,-0.234,7.7778,false,0,central
A08_S020,-0.1484,7.7778,false,0,central
A09_S020,-0.0629,7.7778,false,0,central
A10_S020,0.0227,7.7778,false,0,central
A11_S020,0.1083,7.7778,false,0,central
A12_S020,0.1939,7.7778,false,0,central
A13_S020,0.2794,7.7778,false,0,central
A14_S020,0.365,7.7778,false,0,central
A15_S020,0.4506,7.7778,false,0,central
A16_S020,0.5362,7.7778,false,0,central
A17_S020,0.6217,7.7778,false,0,central
A00_S021,-0.8355,8.1667,false,0,central
A01_S021,-0.7506,8.1667,false,0,central
A02_S021,-0.6657,8.1667,false,0,central
A03_S021,-0.5808,8.1667,false,0,central
A04_S021,-0.4958,8.1667,false,0,central
A05_S021,-0.4109,8.1667,false,0,central
A06_S021,-0.326,8.1667,false,0,central
A07_S021,-0.2411,8.1667,false,0,central
A08_S021,-0.1561,8.1667,false,0,central
A09_S021,-0.0712,8.1667,false,0,central
A10_S021,0.0137,8.1667,false,0,central
A11_S021,0.0986,8.1667,false,0,central
A12_S021,0.1835,8.1667,false,0,central
A13_S021,0.2685,8.1667,false,0,central
A14_S021,0.3534,8.1667,false,0,central
A15_S021,0.4383,8.1667,false,0,central
A16_S021,0.5232,8.1667,false,0,central
A17_S021,0.6081,8.1667,false,0,central
A00_S022,-0.837,8.5556,false,0,central
A01_S022,-0.7527,8.5556,false,0,central
A02_S022,-0.6685,8.5556,false,0,central
A03_S022,-0.5842,8.5556,false,0,central
A04_S022,-0.4999,8.5556,false,0,central
A05_S022,-0.4157,8.5556,false,0,central
A06_S022,-0.3314,8.5556,false,0,central
A07_S022,-0.2471,8.5556,false,0,central
A08_S022,-0.1629,8.5556,false,0,central
A09_S022,-0.0786,8.5556,false,0,central
A10_S022,0.0057,8.5556,false,0,central
A11_S022,0.0899,8.5556,false,0,central
A12_S022,0.1742,8.5556,false,0,central
A13_S022,0.2585,8.5556,false,0,central
A14_S022,0.3428,8.5556,false,0,central
A15_S022,0.427,8.5556,false,0,central
A16_S022,0.5113,8.5556,false,0,central
A17_S022,0.5956,8.5556,false,0,central
A00_S023,-0.8346,8.9444,false,0,central
A01_S023,-0.7512,8.9444,false,0,central
A02_S023,-0.6677,8.9444,false,0,central
A03_S023,-0.5842,8.9444,false,0,central
A04_S023,-0.5007,8.9444,false,0,central
A05_S023,-0.4173,8.9444,false,0,central
A06_S023,-0.3338,8.9444,false,0,central
A07_S023,-0.2503,8.9444,false,0,central
A08_S023,-0.1668,8.9444,false,0,central
A09_S023,-0.0834,8.9444,false,0,central
A10_S023,0.0001,8.9444,false,0,central
A11_S023,0.0836,8.9444,false,0,central
A12_S023,0.1671,8.9444,false,0,central
A13_S023,0.2505,8.9444,false,0,central
A14_S023,0.334,8.9444,false,0,central
A15_S023,0.4175,8.9444,false,0,central
A16_S023,0.501,8.9444,false,0,central
A17_S023,0.5844,8.9444,false,0,central
A00_S024,-0.8272,9.3333,false,0,central
A01_S024,-0.7448,9.3333,false,0,central
A02_S024,-0.6625,9.3333,false,0,central
A03_S024,-0.5801,9.3333,false,0,central
A04_S024,-0.4977,9.3333,false,0,central
A05_S024,-0.4153,9.3333,false,0,central
A06_S024,-0.3329,9.3333,false,0,central
A07_S024,-0.2505,9.3333,false,0,central
A08_S024,-0.1681,9.3333,false,0,central
A09_S024,-0.0858,9.3333,false,0,central
A10_S024,-0.0034,9.3333,false,0,central
A11_S024,0.079,9.3333,false,0,central
A12_S024,0.1614,9.3333,false,0,central
A13_S024,0.2438,9.3333,false,0,central
A14_S024,0.3262,9.3333,false,0,central
A15_S024,0.4086,9.3333,false,0,central
A16_S024,0.4909,9.3333,false,0,central
A17_S024,0.5733,9.3333,false,0,central
A00_S025,-0.8198,9.7222,false,0,central
A01_S025,-0.7385,9.7222,false,0,central
A02_S025,-0.6572,9.7222,false,0,central
A03_S025,-0.5759,9.7222,false,0,central
A04_S025,-0.4946,9.7222,false,0,central
A05_S025,-0.4133,9.7222,false,0,central
A06_S025,-0.332,9.7222,false,0,central
A07_S025,-0.2507,9.7222,false,0,central
A08_S025,-0.1694,9.7222,false,0,central
A09_S025,-0.0881,9.7222,false,0,central
A10_S025,-0.0069,9.7222,false,0,central
A11_S025,0.0744,9.7222,false,0,central
A12_S025,0.1557,9.7222,false,0,central
A13_S025,0.237,9.7222,false,0,central
A14_S025,0.3183,9.7222,false,0,central
A15_S025,0.3996,9.7222,false,0,central
A16_S025,0.4809,9.7222,false,0,central
A17_S025,0.5622,9.7222,false,0,central
A00_S026,-0.8124,10.1111,false,0,central
A01_S026,-0.7322,10.1111,false,0,central
A02_S026,-0.652,10.1111,false,0,central
A03_S026,-0.5718,10.1111,false,0,central
A04_S026,-0.4916,10.1111,false,0,central
A05_S026,-0.4114,10.1111,false,0,central
A06_S026,-0.3312,10.1111,false,0,central
A07_S026,-0.251,10.1111,false,0,central
A08_S026,-0.1708,10.1111,false,0,central
A09_S026,-0.0905,10.1111,false,0,central
A10_S026,-0.0103,10.1111,false,0,central
A11_S026,0.0699,10.1111,false,0,central
A12_S026,0.1501,10.1111,false,0,central
A13_S026,0.2303,10.1111,false,0,central
A14_S026,0.3105,10.1111,false,0,central
A15_S026,0.3907,10.1111,false,0,central
A16_S026,0.4709,10.1111,false,0,central
A17_S026,0.5511,10.1111,false,0,central
A00_S027,-0.805,10.5,true,12,central
A01_S027,-0.7259,10.5,false,0,central
A02_S027,-0.6468,10.5,false,0,central
A03_S027,-0.5676,10.5,false,0,central
A04_S027,-0.4885,10.5,false,0,central
A05_S027,-0.4094,10.5,false,0,central
A06_S027,-0.3303,10.5,false,0,central
A07_S027,-0.2512,10.5,false,0,central
A08_S027,-0.1721,10.5,false,0,central
A09_S027,-0.0929,10.5,true,12,central
A10_S027,-0.0138,10.5,false,0,central
A11_S027,0.0653,10.5,false,0,central
A12_S027,0.1444,10.5,false,0,central
A13_S027,0.2235,10.5,false,0,central
A14_S027,0.3026,10.5,false,0,central
A15_S027,0.3818,10.5,false,0,central
A16_S027,0.4609,10.5,false,0,central
A17_S027,0.54,10.5,true,12,central
A00_S028,-0.7957,10.8889,false,0,central
A01_S028,-0.7178,10.8889,false,0,central
A02_S028,-0.6399,10.8889,false,0,central
A03_S028,-0.562,10.8889,false,0,central
A04_S028,-0.4841,10.8889,false,0,central
A05_S028,-0.4061,10.8889,false,0,central
A06_S028,-0.3282,10.8889,false,0,central
A07_S028,-0.2503,10.8889,false,0,central
A08_S028,-0.1724,10.8889,false,0,central
A09_S028,-0.0945,10.8889,false,0,central
A10_S028,-0.0165,10.8889,false,0,central
A11_S028,0.0614,10.8889,false,0,central
A12_S028,0.1393,10.8889,false,0,central
A13_S028,0.2172,10.8889,false,0,central
A14_S028,0.2951,10.8889,false,0,central
A15_S028,0.3731,10.8889,false,0,central
A16_S028,0.451,10.8889,false,0,central
A17_S028,0.5289,10.8889,false,0,central
A00_S029,-0.7865,11.2778,false,0,central
A01_S029,-0.7098,11.2778,false,0,central
A02_S029,-0.633,11.2778,false,0,central
A03_S029,-0.5563,11.2778,false,0,central
A04_S029,-0.4796,11.2778,false,0,central
A05_S029,-0.4029,11.2778,false,0,central
A06_S029,-0.3262,11.2778,false,0,central
A07_S029,-0.2494,11.2778,false,0,central
A08_S029,-0.1727,11.2778,false,0,central
A09_S029,-0.096,11.2778,false,0,central
A10_S029,-0.0193,11.2778,false,0,central
A11_S029,0.0575,11.2778,false,0,central
A12_S029,0.1342,11.2778,false,0,central
A13_S029,0.2109,11.2778,false,0,central
A14_S029,0.2876,11.2778,false,0,central
A15_S029,0.3643,11.2778,false,0,central
A16_S029,0.4411,11.2778,false,0,central
A17_S029,0.5178,11.2778,false,0,central
A00_S030,-0.7772,11.6667,false,0,upper
A01_S030,-0.7017,11.6667,false,0,upper
A02_S030,-0.6261,11.6667,false,0,upper
A03_S030,-0.5506,11.6667,false,0,upper
A04_S030,-0.475,11.6667,false,0,upper
A05_S030,-0.3994,11.6667,false,0,upper
A06_S030,-0.3239,11.6667,false,0,upper
A07_S030,-0.2483,11.6667,false,0,upper
A08_S030,-0.1728,11.6667,false,0,upper
A09_S030,-0.0972,11.6667,false,0,upper
A10_S030,-0.0217,11.6667,false,0,upper
A11_S030,0.0539,11.6667,false,0,upper
A12_S030,0.1294,11.6667,false,0,upper
A13_S030,0.205,11.6667,false,0,upper
A14_S030,0.2806,11.6667,false,0,upper
A15_S030,0.3561,11.6667,false,0,upper
A16_S030,0.4317,11.6667,false,0,upper
A17_S030,0.5072,11.6667,false,0,upper
A00_S031,-0.768,12.0556,false,0,upper
A01_S031,-0.6935,12.0556,false,0,upper
A02_S031,-0.619,12.0556,false,0,upper
A03_S031,-0.5446,12.0556,false,0,upper
A04_S031,-0.4701,12.0556,false,0,upper
A05_S031,-0.3956,12.0556,false,0,upper
A06_S031,-0.3212,12.0556,false,0,upper
A07_S031,-0.2467,12.0556,false,0,upper
A08_S031,-0.1722,12.0556,false,0,upper
A09_S031,-0.0978,12.0556,false,0,upper
A10_S031,-0.0233,12.0556,false,0,upper
A11_S031,0.0512,12.0556,false,0,upper
A12_S031,0.1256,12.0556,false,0,upper
A13_S031,0.2001,12.0556,false,0,upper
A14_S031,0.2746,12.0556,false,0,upper
A15_S031,0.349,12.0556,false,0,upper
A16_S031,0.4235,12.0556,false,0,upper
A17_S031,0.498,12.0556,false,0,upper
A00_S032,-0.7587,12.4444,false,0,upper
A01_S032,-0.6853,12.4444,false,0,upper
A02_S032,-0.6119,12.4444,false,0,upper
A03_S032,-0.5386,12.4444,false,0,upper
A04_S032,-0.4652,12.4444,false,0,upper
A05_S032,-0.3918,12.4444,false,0,upper
A06_S032,-0.3184,12.4444,false,0,upper
A07_S032,-0.2451,12.4444,false,0,upper
A08_S032,-0.1717,12.4444,false,0,upper
A09_S032,-0.0983,12.4444,false,0,upper
A10_S032,-0.0249,12.4444,false,0,upper
A11_S032,0.0484,12.4444,false,0,upper
A12_S032,0.1218,12.4444,false,0,upper
A13_S032,0.1952,12.4444,false,0,upper
A14_S032,0.2686,12.4444,false,0,upper
A15_S032,0.3419,12.4444,false,0,upper
A16_S032,0.4153,12.4444,false,0,upper
A17_S032,0.4887,12.4444,false,0,upper
A00_S033,-0.7436,12.8333,false,0,upper
A01_S033,-0.6715,12.8333,false,0,upper
A02_S033,-0.5994,12.8333,false,0,upper
A03_S033,-0.5273,12.8333,false,0,upper
A04_S033,-0.4552,12.8333,false,0,upper
A05_S033,-0.3832,12.8333,false,0,upper
A06_S033,-0.3111,12.8333,false,0,upper
A07_S033,-0.239,12.8333,false,0,upper
A08_S033,-0.1669,12.8333,false,0,upper
A09_S033,-0.0948,12.8333,false,0,upper
A10_S033,-0.0227,12.8333,false,0,upper
A11_S033,0.0494,12.8333,false,0,upper
A12_S033,0.1215,12.8333,false,0,upper
A13_S033,0.1936,12.8333,false,0,upper
A14_S033,0.2657,12.8333,false,0,upper
A15_S033,0.3378,12.8333,false,0,upper
A16_S033,0.4099,12.8333,false,0,upper
A17_S033,0.4819,12.8333,false,0,upper
A00_S034,-0.7246,13.2222,false,0,upper
A01_S034,-0.654,13.2222,false,0,upper
A02_S034,-0.5833,13.2222,false,0,upper
A03_S034,-0.5126,13.2222,false,0,upper
A04_S034,-0.4419,13.2222,false,0,upper
A05_S034,-0.3713,13.2222,false,0,upper
A06_S034,-0.3006,13.2222,false,0,upper
A07_S034,-0.2299,13.2222,false,0,upper
A08_S034,-0.1592,13.2222,false,0,upper
A09_S034,-0.0886,13.2222,false,0,upper
A10_S034,-0.0179,13.2222,false,0,upper
A11_S034,0.0528,13.2222,false,0,upper
A12_S034,0.1235,13.2222,false,0,upper
A13_S034,0.1942,13.2222,false,0,upper
A14_S034,0.2648,13.2222,false,0,upper
A15_S034,0.3355,13.2222,false,0,upper
A16_S034,0.4062,13.2222,false,0,upper
A17_S034,0.4769,13.2222,false,0,upper
A00_S035,-0.7056,13.6111,false,0,upper
A01_S035,-0.6364,13.6111,false,0,upper
A02_S035,-0.5671,13.6111,false,0,upper
A03_S035,-0.4979,13.6111,false,0,upper
A04_S035,-0.4286,13.6111,false,0,upper
A05_S035,-0.3594,13.6111,false,0,upper
A06_S035,-0.2901,13.6111,false,0,upper
A07_S035,-0.2208,13.6111,false,0,upper
A08_S035,-0.1516,13.6111,false,0,upper
A09_S035,-0.0823,13.6111,false,0,upper
A10_S035,-0.0131,13.6111,false,0,upper
A11_S035,0.0562,13.6111,false,0,upper
A12_S035,0.1255,13.6111,false,0,upper
A13_S035,0.1947,13.6111,false,0,upper
A14_S035,0.264,13.6111,false,0,upper
A15_S035,0.3332,13.6111,false,0,upper
A16_S035,0.4025,13.6111,false,0,upper
A17_S035,0.4718,13.6111,false,0,upper
A00_S036,-0.6867,14.0,true,12,upper
A01_S036,-0.6187,14.0,false,0,upper
A02_S036,-0.5508,14.0,false,0,upper
A03_S036,-0.4828,14.0,false,0,upper
A04_S036,-0.4149,14.0,false,0,upper
A05_S036,-0.347,14.0,false,0,upper
A06_S036,-0.279,14.0,false,0,upper
A07_S036,-0.2111,14.0,false,0,upper
A08_S036,-0.1431,14.0,false,0,upper
A09_S036,-0.0752,14.0,true,12,upper
A10_S036,-0.0073,14.0,false,0,upper
A11_S036,0.0607,14.0,false,0,upper
A12_S036,0.1286,14.0,false,0,upper
A13_S036,0.1966,14.0,false,0,upper
A14_S036,0.2645,14.0,false,0,upper
A15_S036,0.3325,14.0,false,0,upper
A16_S036,0.4004,14.0,false,0,upper
A17_S036,0.4683,14.0,true,12,upper
A00_S037,-0.6677,14.3889,false,0,upper
A01_S037,-0.6011,14.3889,false,0,upper
A02_S037,-0.5344,14.3889,false,0,upper
A03_S037,-0.4678,14.3889,false,0,upper
A04_S037,-0.4011,14.3889,false,0,upper
A05_S037,-0.3345,14.3889,false,0,upper
A06_S037,-0.2679,14.3889,false,0,upper
A07_S037,-0.2012,14.3889,false,0,upper
A08_S037,-0.1346,14.3889,false,0,upper
A09_S037,-0.068,14.3889,false,0,upper
A10_S037,-0.0013,14.3889,false,0,upper
A11_S037,0.0653,14.3889,false,0,upper
A12_S037,0.1319,14.3889,false,0,upper
A13_S037,0.1986,14.3889,false,0,upper
A14_S037,0.2652,14.3889,false,0,upper
A15_S037,0.3318,14.3889,false,0,upper
A16_S037,0.3985,14.3889,false,0,upper
A17_S037,0.4651,14.3889,false,0,upper
A00_S038,-0.6474,14.7778,false,0,upper
A01_S038,-0.5822,14.7778,false,0,upper
A02_S038,-0.5169,14.7778,false,0,upper
A03_S038,-0.4517,14.7778,false,0,upper
A04_S038,-0.3864,14.7778,false,0,upper
A05_S038,-0.3212,14.7778,false,0,upper
A06_S038,-0.2559,14.7778,false,0,upper
A07_S038,-0.1907,14.7778,false,0,upper
A08_S038,-0.1254,14.7778,false,0,upper
A09_S038,-0.0602,14.7778,false,0,upper
A10_S038,0.0051,14.7778,false,0,upper
A11_S038,0.0703,14.7778,false,0,upper
A12_S038,0.1356,14.7778,false,0,upper
A13_S038,0.2008,14.7778,false,0,upper
A14_S038,0.2661,14.7778,false,0,upper
A15_S038,0.3314,14.7778,false,0,upper
A16_S038,0.3966,14.7778,false,0,upper
A17_S038,0.4619,14.7778,false,0,upper
A00_S039,-0.6219,15.1667,false,0,upper
A01_S039,-0.5584,15.1667,false,0,upper
A02_S039,-0.4948,15.1667,false,0,upper
A03_S039,-0.4313,15.1667,false,0,upper
A04_S039,-0.3677,15.1667,false,0,upper
A05_S039,-0.3041,15.1667,false,0,upper
A06_S039,-0.2406,15.1667,false,0,upper
A07_S039,-0.177,15.1667,false,0,upper
A08_S039,-0.1134,15.1667,false,0,upper
A09_S039,-0.0499,15.1667,false,0,upper
A10_S039,0.0137,15.1667,false,0,upper
A11_S039,0.0772,15.1667,false,0,upper
A12_S039,0.1408,15.1667,false,0,upper
A13_S039,0.2044,15.1667,false,0,upper
A14_S039,0.2679,15.1667,false,0,upper
A15_S039,0.3315,15.1667,false,0,upper
A16_S039,0.395,15.1667,false,0,upper
A17_S039,0.4586,15.1667,false,0,upper
A00_S040,-0.5965,15.5556,false,0,upper
A01_S040,-0.5346,15.5556,false,0,upper
A02_S040,-0.4727,15.5556,false,0,upper
A03_S040,-0.4109,15.5556,false,0,upper
A04_S040,-0.349,15.5556,false,0,upper
A05_S040,-0.2871,15.5556,false,0,upper
A06_S040,-0.2252,15.5556,false,0,upper
A07_S040,-0.1634,15.5556,false,0,upper
A08_S040,-0.1015,15.5556,false,0,upper
A09_S040,-0.0396,15.5556,false,0,upper
A10_S040,0.0223,15.5556,false,0,upper
A11_S040,0.0841,15.5556,false,0,upper
A12_S040,0.146,15.5556,false,0,upper
A13_S040,0.2079,15.5556,false,0,upper
A14_S040,0.2697,15.5556,false,0,upper
A15_S040,0.3316,15.5556,false,0,upper
A16_S040,0.3935,15.5556,false,0,upper
A17_S040,0.4554,15.5556,false,0,upper
A00_S041,-0.571,15.9444,false,0,harlem
A01_S041,-0.511,15.9444,false,0,harlem
A02_S041,-0.451,15.9444,false,0,harlem
A03_S041,-0.391,15.9444,false,0,harlem
A04_S041,-0.3309,15.9444,false,0,harlem
A05_S041,-0.2709,15.9444,false,0,harlem
A06_S041,-0.2109,15.9444,false,0,harlem
A07_S041,-0.1509,15.9444,false,0,harlem
A08_S041,-0.0908,15.9444,false,0,harlem
A09_S041,-0.0308,15.9444,false,0,harlem
A10_S041,0.0292,15.9444,false,0,harlem
A11_S041,0.0892,15.9444,false,0,harlem
A12_S041,0.1492,15.9444,false,0,harlem
A13_S041,0.2093,15.9444,false,0,harlem
A14_S041,0.2693,15.9444,false,0,harlem
A15_S041,0.3293,15.9444,false,0,harlem
A16_S041,0.3893,15.9444,false,0,harlem
A17_S041,0.4494,15.9444,false,0,harlem
A00_S042,-0.5456,16.3333,false,0,harlem
A01_S042,-0.4875,16.3333,false,0,harlem
A02_S042,-0.4295,16.3333,false,0,harlem
A03_S042,-0.3715,16.3333,false,0,harlem
A04_S042,-0.3135,16.3333,false,0,harlem
A05_S042,-0.2555,16.3333,false,0,harlem
A06_S042,-0.1975,16.3333,false,0,harlem
A07_S042,-0.1395,16.3333,false,0,harlem
A08_S042,-0.0815,16.3333,false,0,harlem
A09_S042,-0.0235,16.3333,false,0,harlem
A10_S042,0.0345,16.3333,false,0,harlem
A11_S042,0.0925,16.3333,false,0,harlem
A12_S042,0.1505,16.3333,false,0,harlem
A13_S042,0.2085,16.3333,false,0,harlem
A14_S042,0.2665,16.3333,false,0,harlem
A15_S042,0.3245,16.3333,false,0,harlem
A16_S042,0.3825,16.3333,false,0,harlem
A17_S042,0.4406,16.3333,false,0,harlem
A00_S043,-0.5181,16.7222,false,0,harlem
A01_S043,-0.4622,16.7222,false,0,harlem
A02_S043,-0.4063,16.7222,false,0,harlem
A03_S043,-0.3504,16.7222,false,0,harlem
A04_S043,-0.2946,16.7222,false,0,harlem
A05_S043,-0.2387,16.7222,false,0,harlem
A06_S043,-0.1828,16.7222,false,0,harlem
A07_S043,-0.127,16.7222,false,0,harlem
A08_S043,-0.0711,16.7222,false,0,harlem
A09_S043,-0.0152,16.7222,false,0,harlem
A10_S043,0.0407,16.7222,false,0,harlem
A11_S043,0.0965,16.7222,false,0,harlem
A12_S043,0.1524,16.7222,false,0,harlem
A13_S043,0.2083,16.7222,false,0,harlem
A14_S043,0.2641,16.7222,false,0,harlem
A15_S043,0.32,16.7222,false,0,harlem
A16_S043,0.3759,16.7222,false,0,harlem
A17_S043,0.4318,16.7222,false,0,harlem
A00_S044,-0.4899,17.1111,false,0,harlem
A01_S044,-0.4362,17.1111,false,0,harlem
A02_S044,-0.3825,17.1111,false,0,harlem
A03_S044,-0.3287,17.1111,false,0,harlem
A04_S044,-0.275,17.1111,false,0,harlem
A05_S044,-0.2213,17.1111,false,0,harlem
A06_S044,-0.1676,17.1111,false,0,harlem
A07_S044,-0.1139,17.1111,false,0,harlem
A08_S044,-0.0601,17.1111,false,0,harlem
A09_S044,-0.0064,17.1111,false,0,harlem
A10_S044,0.0473,17.1111,false,0,harlem
A11_S044,0.101,17.1111,false,0,harlem
A12_S044,0.1547,17.1111,false,0,harlem
A13_S044,0.2085,17.1111,false,0,harlem
A14_S044,0.2622,17.1111,false,0,harlem
A15_S044,0.3159,17.1111,false,0,harlem
A16_S044,0.3696,17.1111,false,0,harlem
A17_S044,0.4233,17.1111,false,0,harlem
A00_S045,-0.4617,17.5,false,0,harlem
A01_S045,-0.4101,17.5,false,0,harlem
A02_S045,-0.3585,17.5,false,0,harlem
A03_S045,-0.307,17.5,false,0,harlem
A04_S045,-0.2554,17.5,false,0,harlem
A05_S045,-0.2038,17.5,false,0,harlem
A06_S045,-0.1523,17.5,false,0,harlem
A07_S045,-0.1007,17.5,false,0,harlem
A08_S045,-0.0491,17.5,false,0,harlem
A09_S045,0.0025,17.5,false,0,harlem
A10_S045,0.054,17.5,false,0,harlem
A11_S045,0.1056,17.5,false,0,harlem
A12_S045,0.1572,17.5,false,0,harlem
A13_S045,0.2087,17.5,false,0,harlem
A14_S045,0.2603,17.5,false,0,harlem
A15_S045,0.3119,17.5,false,0,harlem
A16_S045,0.3634,17.5,false,0,harlem
A17_S045,0.415,17.5,false,0,harlem
A00_S046,-0.4334,17.8889,false,0,harlem
A01_S046,-0.3841,17.8889,false,0,harlem
A02_S046,-0.3347,17.8889,false,0,harlem
A03_S046,-0.2853,17.8889,false,0,harlem
A04_S046,-0.236,17.8889,false,0,harlem
A05_S046,-0.1866,17.8889,false,0,harlem
A06_S046,-0.1373,17.8889,false,0,harlem
A07_S046,-0.0879,17.8889,false,0,harlem
A08_S046,-0.0385,17.8889,false,0,harlem
A09_S046,0.0108,17.8889,false,0,harlem
A10_S046,0.0602,17.8889,false,0,harlem
A11_S046,0.1095,17.8889,false,0,harlem
A12_S046,0.1589,17.8889,false,0,harlem
A13_S046,0.2083,17.8889,false,0,harlem
A14_S046,0.2576,17.8889,false,0,harlem
A15_S046,0.307,17.8889,false,0,harlem
A16_S046,0.3563,17.8889,false,0,harlem
A17_S046,0.4057,17.8889,false,0,harlem
A00_S047,-0.4061,18.2778,false,0,harlem
A01_S047,-0.3594,18.2778,false,0,harlem
A02_S047,-0.3127,18.2778,false,0,harlem
A03_S047,-0.266,18.2778,false,0,harlem
A04_S047,-0.2193,18.2778,false,0,harlem
A05_S047,-0.1727,18.2778,false,0,harlem
A06_S047,-0.126,18.2778,false,0,harlem
A07_S047,-0.0793,18.2778,false,0,harlem
A08_S047,-0.0326,18.2778,false,0,harlem
A09_S047,0.0141,18.2778,false,0,harlem
A10_S047,0.0608,18.2778,false,0,harlem
A11_S047,0.1075,18.2778,false,0,harlem
A12_S047,0.1542,18.2778,false,0,harlem
A13_S047,0.2009,18.2778,false,0,harlem
A14_S047,0.2476,18.2778,false,0,harlem
A15_S047,0.2943,18.2778,false,0,harlem
A16_S047,0.3409,18.2778,false,0,harlem
A17_S047,0.3876,18.2778,false,0,harlem
A00_S048,-0.3795,18.6667,false,0,harlem
A01_S048,-0.3355,18.6667,false,0,harlem
A02_S048,-0.2914,18.6667,false,0,harlem
A03_S048,-0.2473,18.6667,false,0,harlem
A04_S048,-0.2033,18.6667,false,0,harlem
A05_S048,-0.1592,18.6667,false,0,harlem
A06_S048,-0.1151,18.6667,false,0,harlem
A07_S048,-0.0711,18.6667,false,0,harlem
A08_S048,-0.027,18.6667,false,0,harlem
A09_S048,0.0171,18.6667,false,0,harlem
A10_S048,0.0611,18.6667,false,0,harlem
A11_S048,0.1052,18.6667,false,0,harlem
A12_S048,0.1493,18.6667,false,0,harlem
A13_S048,0.1933,18.6667,false,0,harlem
A14_S048,0.2374,18.6667,false,0,harlem
A15_S048,0.2815,18.6667,false,0,harlem
A16_S048,0.3255,18.6667,false,0,harlem
A17_S048,0.3696,18.6667,false,0,harlem
A00_S049,-0.3529,19.0556,false,0,inwood
A01_S049,-0.3115,19.0556,false,0,inwood
A02_S049,-0.2701,19.0556,false,0,inwood
A03_S049,-0.2286,19.0556,false,0,inwood
A04_S049,-0.1872,19.0556,false,0,inwood
A05_S049,-0.1457,19.0556,false,0,inwood
A06_S049,-0.1043,19.0556,false,0,inwood
A07_S049,-0.0629,19.0556,false,0,inwood
A08_S049,-0.0214,19.0556,false,0,inwood
A09_S049,0.02,19.0556,false,0,inwood
A10_S049,0.0615,19.0556,false,0,inwood
A11_S049,0.1029,19.0556,false,0,inwood
A12_S049,0.1443,19.0556,false,0,inwood
A13_S049,0.1858,19.0556,false,0,inwood
A14_S049,0.2272,19.0556,false,0,inwood
A15_S049,0.2686,19.0556,false,0,inwood
A16_S049,0.3101,19.0556,false,0,inwood
A17_S049,0.3515,19.0556,false,0,inwood
A00_S050,-0.3263,19.4444,false,0,inwood
A01_S050,-0.2875,19.4444,false,0,inwood
A02_S050,-0.2487,19.4444,false,0,inwood
A03_S050,-0.2099,19.4444,false,0,inwood
A04_S050,-0.1711,19.4444,false,0,inwood
A05_S050,-0.1323,19.4444,false,0,inwood
A06_S050,-0.0935,19.4444,false,0,inwood
A07_S050,-0.0547,19.4444,false,0,inwood
A08_S050,-0.0158,19.4444,false,0,inwood
A09_S050,0.023,19.4444,false,0,inwood
A10_S050,0.0618,19.4444,false,0,inwood
A11_S050,0.1006,19.4444,false,0,inwood
A12_S050,0.1394,19.4444,false,0,inwood
A13_S050,0.1782,19.4444,false,0,inwood
A14_S050,0.217,19.4444,false,0,inwood
A15_S050,0.2558,19.4444,false,0,inwood
A16_S050,0.2947,19.4444,false,0,inwood
A17_S050,0.3335,19.4444,false,0,inwood
A00_S051,-0.2956,19.8333,false,0,inwood
A01_S051,-0.2602,19.8333,false,0,inwood
A02_S051,-0.2247,19.8333,false,0,inwood
A03_S051,-0.1893,19.8333,false,0,inwood
A04_S051,-0.1539,19.8333,false,0,inwood
A05_S051,-0.1184,19.8333,false,0,inwood
A06_S051,-0.083,19.8333,false,0,inwood
A07_S051,-0.0475,19.8333,false,0,inwood
A08_S051,-0.0121,19.8333,false,0,inwood
A09_S051,0.0234,19.8333,false,0,inwood
A10_S051,0.0588,19.8333,false,0,inwood
A11_S051,0.0942,19.8333,false,0,inwood
A12_S051,0.1297,19.8333,false,0,inwood
A13_S051,0.1651,19.8333,false,0,inwood
A14_S051,0.2006,19.8333,false,0,inwood
A15_S051,0.236,19.8333,false,0,inwood
A16_S051,0.2715,19.8333,false,0,inwood
A17_S051,0.3069,19.8333,false,0,inwood
A00_S052,-0.2638,20.2222,false,0,inwood
A01_S052,-0.2319,20.2222,false,0,inwood
A02_S052,-0.2,20.2222,false,0,inwood
A03_S052,-0.1682,20.2222,false,0,inwood
A04_S052,-0.1363,20.2222,false,0,inwood
A05_S052,-0.1044,20.2222,false,0,inwood
A06_S052,-0.0726,20.2222,false,0,inwood
A07_S052,-0.0407,20.2222,false,0,inwood
A08_S052,-0.0088,20.2222,false,0,inwood
A09_S052,0.023,20.2222,false,0,inwood
A10_S052,0.0549,20.2222,false,0,inwood
A11_S052,0.0868,20.2222,false,0,inwood
A12_S052,0.1186,20.2222,false,0,inwood
A13_S052,0.1505,20.2222,false,0,inwood
A14_S052,0.1823,20.2222,false,0,inwood
A15_S052,0.2142,20.2222,false,0,inwood
A16_S052,0.2461,20.2222,false,0,inwood
A17_S052,0.2779,20.2222,false,0,inwood
A00_S053,-0.2319,20.6111,false,0,inwood
A01_S053,-0.2036,20.6111,false,0,inwood
A02_S053,-0.1753,20.6111,false,0,inwood
A03_S053,-0.147,20.6111,false,0,inwood
A04_S053,-0.1187,20.6111,false,0,inwood
A05_S053,-0.0905,20.6111,false,0,inwood
A06_S053,-0.0622,20.6111,false,0,inwood
A07_S053,-0.0339,20.6111,false,0,inwood
A08_S053,-0.0056,20.6111,false,0,inwood
A09_S053,0.0227,20.6111,false,0,inwood
A10_S053,0.051,20.6111,false,0,inwood
A11_S053,0.0793,20.6111,false,0,inwood
A12_S053,0.1075,20.6111,false,0,inwood
A13_S053,0.1358,20.6111,false,0,inwood
A14_S053,0.1641,20.6111,false,0,inwood
A15_S053,0.1924,20.6111,false,0,inwood
A16_S053,0.2207,20.6111,false,0,inwood
A17_S053,0.249,20.6111,false,0,inwood
A00_S054,-0.2,21.0,true,12,inwood
A01_S054,-0.1753,21.0,false,0,inwood
A02_S054,-0.1506,21.0,false,0,inwood
A03_S054,-0.1259,21.0,false,0,inwood
A04_S054,-0.1012,21.0,false,0,inwood
A05_S054,-0.0765,21.0,false,0,inwood
A06_S054,-0.0518,21.0,false,0,inwood
A07_S054,-0.0271,21.0,false,0,inwood
A08_S054,-0.0024,21.0,false,0,inwood
A09_S054,0.0224,21.0,true,12,inwood
A10_S054,0.0471,21.0,false,0,inwood
A11_S054,0.0718,21.0,false,0,inwood
A12_S054,0.0965,21.0,false,0,inwood
A13_S054,0.1212,21.0,false,0,inwood
A14_S054,0.1459,21.0,false,0,inwood
A15_S054,0.1706,21.0,false,0,inwood
A16_S054,0.1953,21.0,false,0,inwood
A17_S054,0.22,21.0,true,12,inwood
